No.	Quantity	Comment	Designator	Footprint	Value	Manufacturer Part	Manufacturer	Supplier Part	Supplier
1	3	10uF	C1,C6,C16	C0805	10uF	HGC0805R5106K250NSLJ	Chinocera(华瓷)	C19103847	LCSC
2	2	1uF	C2,C15	C0402	1uF	CL05A105KA5NQNC	SAMSUNG(三星)	C52923	LCSC
3	3	100nF	C3,C13,C19	C0402	100nF	CL05B104KO5NNNC	SAMSUNG(三星)	C1525	LCSC
4	3	2.2uF	C4,C8,C23	C0402	2.2uF	CL05A225KA5NUNC	SAMSUNG(三星)	C307418	LCSC
5	1	CL31A107MQHNNNE	C5	C1206		CL31A107MQHNNNE	SAMSUNG(三星)	C15008	LCSC
6	1	22uF	C7	C0805	22uF	0805X226M100NT	FH(风华)	C503482	LCSC
7	2	SEUCS2X3V1B	D1,D2	DFN0603-2L-BI		SEUCS2X3V1B	ElecSuper(静芯)	C42400191	LCSC
8	1	19-217/R6C-AL1M2VY/6T	D3	LED0603-R-FD		19-217/R6C-AL1M2VY/6T	EVERLIGHT(亿光)	C2986060	LCSC
9	1	SMF5.0A	D4	SOD-123FL_L2.8-W1.9-LS3.7-RD		SMF5.0A	JSMSEMI(杰盛微)	C2857263	LCSC
10	1	BSMD1206-100-24V	F1	F1206		BSMD1206-100-24V	BHFUSE(佰宏)	C910830	LCSC
11	1	TYPE-C 16PLT-H6.5	J1	USB-C-SMD_SOUHAN_TYPE-C-16PLT-H6.5		TYPE-C 16PLT-H6.5	SHOU HAN(首韩)	C3151748	LCSC
12	1	FXL0420-2R2-M	L1	IND-SMD_L4.4-W4.2		FXL0420-2R2-M	cjiang(长江微电)	C167206	LCSC
13	3	100kΩ	R1,R2,R18	R0402	100kΩ	0402WGF1003TCE	UNI-ROYAL(厚声)	C25741	LCSC
14	1	0402WGF3001TCE	R3	R0402		0402WGF3001TCE	UNI-ROYAL(厚声)	C25784	LCSC
15	2	5.1kΩ	R4,R5	R0402	5.1kΩ	0402WGF5101TCE	UNI-ROYAL(厚声)	C25905	LCSC
16	2	33Ω	R6,R7	R0402	33Ω	RC0402FR-0733RL	YAGEO(国巨)	C138002	LCSC
17	1	0Ω	R8	R0402	0Ω	0402WGF0000TCE	UNI-ROYAL(厚声)	C17168	LCSC
18	4	10kΩ	R9,R10,R11,R12	R0402	10kΩ	0402WGF1002TCE	UNI-ROYAL(厚声)	C25744	LCSC
19	1	330Ω	R13	R0402	330Ω	0402WGF3300TCE	UNI-ROYAL(厚声)	C25104	LCSC
20	2	1MΩ	R14,R15	R0402	1MΩ	0402WGF1004TCE	UNI-ROYAL(厚声)	C26083	LCSC
21	1	2.4GHz	U1	WIFIM-SMD_ESP32-C3-MINI-1	2.4GHz	ESP32-C3-MINI-1-H4X	ESPRESSIF(乐鑫)	C41349510	LCSC
22	1	ETA6002E8A	U2	ESOP-8_L4.9-W3.9-P1.27-LS6.0-BL-EP-1		ETA6002E8A	ETA(钰泰)	C7436031	LCSC
23	1	ETA5060V330S8F	U3	SOT-89-5_L4.5-W2.5-P1.50-LS4.6-BL		ETA5060V330S8F	ETA(钰泰)	C7465551	LCSC
24	1	LMD2718T261-OA1	U4	MIC-SMD_6P-L2.8-W1.9-P0.98-TL		LMD2718T261-OA1	LinkMems(聆麦声学)	C5373237	LCSC
25	1	NS4168	U5	ESOP-8_L4.9-W3.9-P1.27-LS6.0-BL-EP		NS4168	Nsiway(纳芯威)	C910588	LCSC
26	1	TLV75733PDBVR	U7	SOT-23-5_L2.9-W1.6-P0.95-LS2.8-BL		TLV75733PDBVR	TI(德州仪器)	C485517	LCSC
